FundCode,FundName
150280,新能B
150065,同瑞B
150009,瑞和远见
150296,改革B
150288,钢铁B
150278,高铁B
150248,传媒B级
150252,煤炭B
150084,深证100B
502025,钢铁B
502008,国企改B
150318,E金融B
502028,新丝路B
150228,银行B
502038,网金B
502015,一带一B
150276,一带一B
150308,体育B
150086,中小板B
150208,地产B端
150201,券商B
150224,证券B级
150210,国企改B
150262,医疗B
150282,金融地B
150118,房地产B
150093,诺德300B
150274,带路B
150322,煤炭B基
150238,环保B级
150270,白酒B
150336,军工股B
150195,互联网B
150023,深成指B
150105,HS300B
150185,环保B
150058,中小300B
502032,高铁B
150131,医药B
150246,互联B
150300,银行股B
150054,泰达500B
150172,证券B
150256,银行业B
150095,泰信400B
150230,酒B
150197,有色B
502058,医疗B
150149,医药800B
150107,中小B
150324,环保B端
150244,创业B
150216,TMTB
150250,银行B端
150206,国防B
150019,银华锐进
150268,银行B类
150178,证保B
150056,500B
150136,国富100B
150158,金融B
150153,创业板B
150052,沪深300B
150077,浙商进取
150075,诺安进取
150168,银华300B
150332,网金融B
150242,银行B级
150294,高铁B级
150109,同辉100B
150013,中证100B
150258,生物B
150232,电子B
150260,重组B
150097,商品B
150292,银行B份
150222,中航军B
150236,券商B级
150124,建信50B
150218,新能源B
150199,食品B
150302,证券股B
502022,国金50B
150031,中证90B
150344,证券B基
150212,新能车B
150180,信息B
150316,工业4B
150204,传媒B
150193,地产B
150089,金鹰500B
150029,中证500B
150151,有色800B
150264,1000B
150298,互联B级
150306,养老B
150174,TMT中证B
150050,消费进取
150182,军工B
150266,一带B
150060,资源B级
150214,成长B级
150191,NCF环保B
150091,成长B
150272,生物药B
150101,资源B
150284,SW医药B
150170,恒生B
150141,国金300B
150113,深100B
150226,证保B级
150037,建信进取
150176,H股B
502018,带路B
150122,银河进取
150290,煤炭B级
150139,中证800B
502055,券商B
150146,高贝塔B
150048,消费B
502042,上50B
150220,健康B
150017,合润B
